<?xml version="1.0" encoding="UTF-8"?>
<project-private xmlns="http://www.netbeans.org/ns/project-private/1">
    <editor-bookmarks xmlns="http://www.netbeans.org/ns/editor-bookmarks/2" lastBookmarkId="0"/>
    <open-files xmlns="http://www.netbeans.org/ns/projectui-open-files/2">
        <group>
            <file>file:/C:/Users/Dusan/Desktop/GreenHub/GreenHub.X/state_machine.h</file>
            <file>file:/C:/Users/Dusan/Desktop/GreenHub/GreenHub.X/peripherals.c</file>
            <file>file:/C:/Users/Dusan/Desktop/GreenHub/GreenHub.X/serial.c</file>
            <file>file:/C:/Users/Dusan/Desktop/GreenHub/GreenHub.X/main.c</file>
            <file>file:/C:/Users/Dusan/Desktop/GreenHub/GreenHub.X/peripherals.h</file>
            <file>file:/C:/Users/Dusan/Desktop/GreenHub/GreenHub.X/adc.c</file>
            <file>file:/C:/Users/Dusan/Desktop/GreenHub/GreenHub.X/state_machine.c</file>
            <file>file:/C:/Users/Dusan/Desktop/GreenHub/GreenHub.X/timers.c</file>
            <file>file:/C:/Users/Dusan/Desktop/GreenHub/GreenHub.X/glcd.h</file>
            <file>file:/C:/Users/Dusan/Desktop/GreenHub/GreenHub.X/glcd.c</file>
            <file>file:/C:/Users/Dusan/Desktop/GreenHub/GreenHub.X/timers.h</file>
            <file>file:/C:/Users/Dusan/Desktop/GreenHub/GreenHub.X/adc.h</file>
            <file>file:/C:/Users/Dusan/Desktop/GreenHub/GreenHub.X/touchscreen.h</file>
            <file>file:/C:/Users/Dusan/Desktop/GreenHub/GreenHub.X/touchscreen.c</file>
        </group>
    </open-files>
</project-private>
